{"v":"5.5.4","fr":30,"ip":0,"op":210,"w":300,"h":300,"nm":"Comp 1","ddd":0,"assets":[],"layers":[{"ddd":0,"ind":1,"ty":4,"nm":"vector Outlines","sr":1,"ks":{"o":{"a":0,"k":100,"ix":11},"r":{"a":0,"k":180,"ix":10},"p":{"a":0,"k":[150.00000000000006,150.00000000000006,0],"ix":2},"a":{"a":0,"k":[150,150,0],"ix":1},"s":{"a":0,"k":[100.00000000000003,100.00000000000003,100],"ix":6}},"ao":0,"shapes":[{"ty":"gr","it":[{"ind":0,"ty":"sh","ix":1,"ks":{"a":1,"k":[{"i":{"x":0.833,"y":0.817},"o":{"x":0.167,"y":0.183},"t":0,"s":[{"i":[[0,44.276],[44.276,0],[0,-44.276],[-44.276,0]],"o":[[0,-44.276],[-44.276,0],[0,44.276],[44.276,0]],"v":[[80.169,0],[0,-80.169],[-80.169,0],[0,80.169]],"c":true}]},{"i":{"x":0.833,"y":0.817},"o":{"x":0.167,"y":0.183},"t":38,"s":[{"i":[[0.442,-33.498],[27.25,31.169],[0.169,-36.5],[-29.177,33.303]],"o":[[-0.419,31.75],[-29.142,-33.333],[-0.141,30.501],[31.25,-35.669]],"v":[[80.169,0],[0.75,-2.169],[-80.169,0],[0.25,-2.331]],"c":true}]},{"i":{"x":0.833,"y":0.817},"o":{"x":0.333,"y":0},"t":74.638,"s":[{"i":[[0.831,-44.5],[40.789,-0.176],[0.306,42.5],[-43.004,-0.077]],"o":[[-0.915,49.026],[-39.25,0.169],[-0.331,-46],[45.5,0.081]],"v":[[80.169,0],[-1.25,79.331],[-80.169,0],[0.5,-81.081]],"c":true}]},{"i":{"x":0.833,"y":0.817},"o":{"x":0.333,"y":0},"t":112.638,"s":[{"i":[[0.831,-44.5],[40.789,-0.176],[0.306,42.5],[-43.004,-0.077]],"o":[[-0.915,49.026],[-39.25,0.169],[-0.331,-46],[45.5,0.081]],"v":[[80.169,0],[-1.25,79.331],[-80.169,0],[0.5,-81.081]],"c":true}]},{"i":{"x":0.667,"y":1},"o":{"x":0.167,"y":0.183},"t":150,"s":[{"i":[[0.442,-33.498],[27.25,31.169],[0.169,-36.5],[-29.177,33.303]],"o":[[-0.419,31.75],[-29.142,-33.333],[-0.141,30.501],[31.25,-35.669]],"v":[[80.169,0],[0.75,-2.169],[-80.169,0],[0.25,-2.331]],"c":true}]},{"t":191.000007779589,"s":[{"i":[[0,44.276],[44.276,0],[0,-44.276],[-44.276,0]],"o":[[0,-44.276],[-44.276,0],[0,44.276],[44.276,0]],"v":[[80.169,0],[0,-80.169],[-80.169,0],[0,80.169]],"c":true}]}],"ix":2},"nm":"Path 1","mn":"ADBE Vector Shape - Group","hd":false},{"ty":"st","c":{"a":0,"k":[0.09411764705882353,0.4,0.9294117647058824,1],"ix":3},"o":{"a":0,"k":100,"ix":4},"w":{"a":0,"k":40,"ix":5},"lc":1,"lj":2,"bm":0,"nm":"Stroke 1","mn":"ADBE Vector Graphic - Stroke","hd":false},{"ty":"tr","p":{"a":0,"k":[150,150],"ix":2},"a":{"a":0,"k":[0,0],"ix":1},"s":{"a":0,"k":[100,100],"ix":3},"r":{"a":0,"k":180,"ix":6},"o":{"a":0,"k":100,"ix":7},"sk":{"a":0,"k":0,"ix":4},"sa":{"a":0,"k":0,"ix":5},"nm":"Transform"}],"nm":"Group 1","np":2,"cix":2,"bm":0,"ix":1,"mn":"ADBE Vector Group","hd":false}],"ip":0,"op":899.000036617021,"st":0,"bm":0}],"markers":[]}